
{
  "header": {
    "reportVersion": 1,
    "event": "Allocation failed - JavaScript heap out of memory",
    "trigger": "FatalError",
    "filename": "report.20200130.163939.3888.0.001.json",
    "dumpEventTime": "2020-01-30T16:39:39Z",
    "dumpEventTimeStamp": "1580402379394",
    "processId": 3888,
    "cwd": "C:\\Users\\tetede\\Documents\\BOT ACTIVER DISCORD\\1 AntiRaid BOT",
    "commandLine": [
      "node",
      "C:\\Users\\tetede\\AppData\\Roaming\\npm\\node_modules\\pm2\\lib\\ProcessContainerFork.js"
    ],
    "nodejsVersion": "v12.14.1",
    "wordSize": 64,
    "arch": "x64",
    "platform": "win32",
    "componentVersions": {
      "node": "12.14.1",
      "v8": "7.7.299.13-node.16",
      "uv": "1.33.1",
      "zlib": "1.2.11",
      "brotli": "1.0.7",
      "ares": "1.15.0",
      "modules": "72",
      "nghttp2": "1.40.0",
      "napi": "5",
      "llhttp": "2.0.1",
      "http_parser": "2.8.0",
      "openssl": "1.1.1d",
      "cldr": "35.1",
      "icu": "64.2",
      "tz": "2019c",
      "unicode": "12.1"
    },
    "release": {
      "name": "node",
      "lts": "Erbium",
      "headersUrl": "https://nodejs.org/download/release/v12.14.1/node-v12.14.1-headers.tar.gz",
      "sourceUrl": "https://nodejs.org/download/release/v12.14.1/node-v12.14.1.tar.gz",
      "libUrl": "https://nodejs.org/download/release/v12.14.1/win-x64/node.lib"
    },
    "osName": "Windows_NT",
    "osRelease": "10.0.17763",
    "osVersion": "Windows Server 2019 Datacenter",
    "osMachine": "x86_64",
    "cpus": [
      {
        "model": "Intel(R) Xeon(R) CPU E5-2673 v4 @ 2.30GHz",
        "speed": 2295,
        "user": 360343,
        "nice": 0,
        "sys": 164562,
        "idle": 78310734,
        "irq": 2609
      },
      {
        "model": "Intel(R) Xeon(R) CPU E5-2673 v4 @ 2.30GHz",
        "speed": 2295,
        "user": 341281,
        "nice": 0,
        "sys": 136078,
        "idle": 78357187,
        "irq": 2859
      },
      {
        "model": "Intel(R) Xeon(R) CPU E5-2673 v4 @ 2.30GHz",
        "speed": 2295,
        "user": 620578,
        "nice": 0,
        "sys": 178734,
        "idle": 78035250,
        "irq": 5796
      },
      {
        "model": "Intel(R) Xeon(R) CPU E5-2673 v4 @ 2.30GHz",
        "speed": 2295,
        "user": 394453,
        "nice": 0,
        "sys": 173937,
        "idle": 78266156,
        "irq": 22390
      }
    ],
    "networkInterfaces": [
      {
        "name": "Ethernet",
        "internal": false,
        "mac": "00:0d:3a:79:03:c5",
        "address": "fe80::d46d:64e6:ae75:d8c8",
        "netmask": "ffff:ffff:ffff:ffff::",
        "family": "IPv6",
        "scopeid": 4
      },
      {
        "name": "Ethernet",
        "internal": false,
        "mac": "00:0d:3a:79:03:c5",
        "address": "10.0.0.4",
        "netmask": "255.255.255.0",
        "family": "IPv4"
      },
      {
        "name": "Loopback Pseudo-Interface 1",
        "internal": true,
        "mac": "00:00:00:00:00:00",
        "address": "::1",
        "netmask": "ffff:ffff:ffff:ffff:ffff:ffff:ffff:ffff",
        "family": "IPv6",
        "scopeid": 0
      },
      {
        "name": "Loopback Pseudo-Interface 1",
        "internal": true,
        "mac": "00:00:00:00:00:00",
        "address": "127.0.0.1",
        "netmask": "255.0.0.0",
        "family": "IPv4"
      }
    ],
    "host": "rdp-eco2"
  },
  "javascriptStack": {
    "message": "No stack.",
    "stack": [
      "Unavailable."
    ]
  },
  "nativeStack": [
    {
      "pc": "0x00007ff635561759",
      "symbol": "std::basic_ostream<char,std::char_traits<char> >::operator<<+10873"
    },
    {
      "pc": "0x00007ff635565b7c",
      "symbol": "std::basic_ostream<char,std::char_traits<char> >::operator<<+28316"
    },
    {
      "pc": "0x00007ff635564b38",
      "symbol": "std::basic_ostream<char,std::char_traits<char> >::operator<<+24152"
    },
    {
      "pc": "0x00007ff63565433b",
      "symbol": "v8::base::CPU::has_sse+37723"
    },
    {
      "pc": "0x00007ff635e58c5e",
      "symbol": "v8::Isolate::ReportExternalAllocationLimitReached+94"
    },
    {
      "pc": "0x00007ff635e40ca1",
      "symbol": "v8::SharedArrayBuffer::Externalize+833"
    },
    {
      "pc": "0x00007ff635d0e56c",
      "symbol": "v8::internal::Heap::EphemeronKeyWriteBarrierFromCode+1436"
    },
    {
      "pc": "0x00007ff635d19910",
      "symbol": "v8::internal::Heap::ProtectUnprotectedMemoryChunks+1312"
    },
    {
      "pc": "0x00007ff635d16444",
      "symbol": "v8::internal::Heap::PageFlagsAreConsistent+3204"
    },
    {
      "pc": "0x00007ff635d0bcd3",
      "symbol": "v8::internal::Heap::CollectGarbage+1283"
    },
    {
      "pc": "0x00007ff635d0a4a4",
      "symbol": "v8::internal::Heap::AddRetainedMap+2356"
    },
    {
      "pc": "0x00007ff635d2b775",
      "symbol": "v8::internal::Factory::NewFillerObject+53"
    },
    {
      "pc": "0x00007ff635a97a49",
      "symbol": "v8::internal::interpreter::JumpTableTargetOffsets::iterator::operator=+4057"
    },
    {
      "pc": "0x00007ff63628463d",
      "symbol": "v8::internal::SetupIsolateDelegate::SetupHeap+567949"
    },
    {
      "pc": "0x000003adb662ea00",
      "symbol": ""
    }
  ],
  "javascriptHeap": {
    "totalMemory": 2154827776,
    "totalCommittedMemory": 2154827776,
    "usedMemory": 2135488920,
    "availableMemory": 51736840,
    "memoryLimit": 2197815296,
    "heapSpaces": {
      "read_only_space": {
        "memorySize": 262144,
        "committedMemory": 262144,
        "capacity": 261872,
        "used": 32296,
        "available": 229576
      },
      "new_space": {
        "memorySize": 8388608,
        "committedMemory": 8388608,
        "capacity": 4189952,
        "used": 66720,
        "available": 4123232
      },
      "old_space": {
        "memorySize": 2124787712,
        "committedMemory": 2124787712,
        "capacity": 2115101976,
        "used": 2114895416,
        "available": 206560
      },
      "code_space": {
        "memorySize": 950272,
        "committedMemory": 950272,
        "capacity": 676544,
        "used": 676544,
        "available": 0
      },
      "map_space": {
        "memorySize": 1052672,
        "committedMemory": 1052672,
        "capacity": 557040,
        "used": 557040,
        "available": 0
      },
      "large_object_space": {
        "memorySize": 19337216,
        "committedMemory": 19337216,
        "capacity": 19257352,
        "used": 19257352,
        "available": 0
      },
      "code_large_object_space": {
        "memorySize": 49152,
        "committedMemory": 49152,
        "capacity": 3552,
        "used": 3552,
        "available": 0
      },
      "new_large_object_space": {
        "memorySize": 0,
        "committedMemory": 0,
        "capacity": 4189952,
        "used": 0,
        "available": 4189952
      }
    }
  },
  "resourceUsage": {
    "userCpuSeconds": 363.125,
    "kernelCpuSeconds": 7.234,
    "cpuConsumptionPercent": 7.43693,
    "maxRss": 2768695296,
    "pageFaults": {
      "IORequired": 1370013,
      "IONotRequired": 0
    },
    "fsActivity": {
      "reads": 279,
      "writes": 6006
    }
  },
  "libuv": [
  ],
  "environmentVariables": {
    "ALLUSERSPROFILE": "C:\\ProgramData",
    "APPDATA": "C:\\Users\\tetede\\AppData\\Roaming",
    "automation": "true",
    "autorestart": "true",
    "axm_actions": "",
    "axm_dynamic": "[object Object]",
    "axm_monitor": "[object Object]",
    "axm_options": "[object Object]",
    "CLIENTNAME": "VOLKAN",
    "CommonProgramFiles": "C:\\Program Files\\Common Files",
    "CommonProgramFiles(x86)": "C:\\Program Files (x86)\\Common Files",
    "CommonProgramW6432": "C:\\Program Files\\Common Files",
    "COMPUTERNAME": "rdp-eco2",
    "ComSpec": "C:\\windows\\system32\\cmd.exe",
    "created_at": "1580397399396",
    "dp0": "C:\\Users\\tetede\\AppData\\Roaming\\npm\\",
    "DriverData": "C:\\Windows\\System32\\Drivers\\DriverData",
    "env": "[object Object]",
    "exec_interpreter": "node",
    "exec_mode": "fork_mode",
    "exit_code": "1",
    "HOMEDRIVE": "C:",
    "HOMEPATH": "\\Users\\tetede",
    "instances": "1",
    "instance_var": "NODE_APP_INSTANCE",
    "kill_retry_time": "100",
    "km_link": "false",
    "LOCALAPPDATA": "C:\\Users\\tetede\\AppData\\Local",
    "LOGONSERVER": "\\\\rdp-eco2",
    "merge_logs": "true",
    "name": "index",
    "namespace": "default",
    "NODE_APP_INSTANCE": "0",
    "node_args": "",
    "NODE_CHANNEL_SERIALIZATION_MODE": "json",
    "node_version": "12.14.1",
    "NUMBER_OF_PROCESSORS": "4",
    "OS": "Windows_NT",
    "Path": "C:\\windows\\system32;C:\\windows;C:\\windows\\System32\\Wbem;C:\\windows\\System32\\WindowsPowerShell\\v1.0\\;C:\\windows\\System32\\OpenSSH\\;C:\\Program Files\\nodejs\\;C:\\Users\\tetede\\AppData\\Local\\Microsoft\\WindowsApps;C:\\Users\\tetede\\AppData\\Roaming\\npm",
    "PATHEXT": ".COM;.EXE;.BAT;.CMD;.VBS;.VBE;.JSE;.WSF;.WSH;.MSC",
    "PM2_HOME": "C:\\Users\\tetede\\.pm2",
    "PM2_INTERACTOR_PROCESSING": "true",
    "PM2_USAGE": "CLI",
    "pmx": "true",
    "pm_cwd": "C:\\Users\\tetede\\Documents\\BOT ACTIVER DISCORD\\1 AntiRaid BOT",
    "pm_err_log_path": "C:\\Users\\tetede\\.pm2\\logs\\index-error.log",
    "pm_exec_path": "C:\\Users\\tetede\\Documents\\BOT ACTIVER DISCORD\\1 AntiRaid BOT\\index.js",
    "pm_id": "0",
    "pm_out_log_path": "C:\\Users\\tetede\\.pm2\\logs\\index-out.log",
    "pm_pid_path": "C:\\Users\\tetede\\.pm2\\pids\\index-0.pid",
    "pm_uptime": "1580397399602",
    "prev_restart_delay": "0",
    "PROCESSOR_ARCHITECTURE": "AMD64",
    "PROCESSOR_IDENTIFIER": "Intel64 Family 6 Model 79 Stepping 1, GenuineIntel",
    "PROCESSOR_LEVEL": "6",
    "PROCESSOR_REVISION": "4f01",
    "ProgramData": "C:\\ProgramData",
    "ProgramFiles": "C:\\Program Files",
    "ProgramFiles(x86)": "C:\\Program Files (x86)",
    "ProgramW6432": "C:\\Program Files",
    "PROMPT": "$P$G",
    "PSModulePath": "C:\\Program Files\\WindowsPowerShell\\Modules;C:\\windows\\system32\\WindowsPowerShell\\v1.0\\Modules",
    "PUBLIC": "C:\\Users\\Public",
    "restart_time": "3",
    "SESSIONNAME": "RDP-Tcp#1",
    "status": "launching",
    "SystemDrive": "C:",
    "SystemRoot": "C:\\windows",
    "TEMP": "C:\\Users\\tetede\\AppData\\Local\\Temp\\2",
    "TMP": "C:\\Users\\tetede\\AppData\\Local\\Temp\\2",
    "treekill": "true",
    "unique_id": "eb61a49f-e186-4027-a327-dbcc236e6a00",
    "unstable_restarts": "0",
    "USERDOMAIN": "rdp-eco2",
    "USERDOMAIN_ROAMINGPROFILE": "rdp-eco2",
    "USERNAME": "tetede",
    "username": "tetede",
    "USERPROFILE": "C:\\Users\\tetede",
    "version": "0.0.0",
    "versioning": "null",
    "vizion": "true",
    "vizion_running": "false",
    "watch": "false",
    "windir": "C:\\windows",
    "windowsHide": "true",
    "_prog": "node"
  },
  "sharedObjects": [
    "C:\\Program Files\\nodejs\\node.exe",
    "C:\\windows\\SYSTEM32\\ntdll.dll",
    "C:\\windows\\System32\\KERNEL32.DLL",
    "C:\\windows\\System32\\KERNELBASE.dll",
    "C:\\windows\\System32\\WS2_32.dll",
    "C:\\windows\\System32\\RPCRT4.dll",
    "C:\\windows\\SYSTEM32\\dbghelp.dll",
    "C:\\windows\\System32\\ADVAPI32.dll",
    "C:\\windows\\System32\\ucrtbase.dll",
    "C:\\windows\\System32\\msvcrt.dll",
    "C:\\windows\\System32\\sechost.dll",
    "C:\\windows\\System32\\USER32.dll",
    "C:\\windows\\System32\\win32u.dll",
    "C:\\windows\\System32\\GDI32.dll",
    "C:\\windows\\System32\\gdi32full.dll",
    "C:\\windows\\System32\\msvcp_win.dll",
    "C:\\windows\\System32\\PSAPI.DLL",
    "C:\\windows\\System32\\CRYPT32.dll",
    "C:\\windows\\System32\\MSASN1.dll",
    "C:\\windows\\System32\\bcrypt.dll",
    "C:\\windows\\SYSTEM32\\USERENV.dll",
    "C:\\windows\\System32\\profapi.dll",
    "C:\\windows\\SYSTEM32\\IPHLPAPI.DLL",
    "C:\\windows\\SYSTEM32\\WINMM.dll",
    "C:\\windows\\SYSTEM32\\winmmbase.dll",
    "C:\\windows\\System32\\cfgmgr32.dll",
    "C:\\windows\\System32\\IMM32.DLL",
    "C:\\windows\\System32\\powrprof.dll",
    "C:\\windows\\SYSTEM32\\CRYPTBASE.DLL",
    "C:\\windows\\System32\\bcryptPrimitives.dll",
    "C:\\windows\\system32\\uxtheme.dll",
    "C:\\windows\\System32\\combase.dll",
    "C:\\windows\\system32\\mswsock.dll",
    "C:\\windows\\System32\\kernel.appcore.dll",
    "C:\\windows\\System32\\NSI.dll",
    "C:\\windows\\SYSTEM32\\dhcpcsvc6.DLL",
    "C:\\windows\\SYSTEM32\\dhcpcsvc.DLL",
    "C:\\windows\\SYSTEM32\\DNSAPI.dll",
    "C:\\Windows\\System32\\rasadhlp.dll",
    "C:\\windows\\System32\\fwpuclnt.dll",
    "C:\\windows\\system32\\napinsp.dll",
    "C:\\windows\\System32\\winrnr.dll",
    "C:\\windows\\system32\\NLAapi.dll",
    "C:\\windows\\system32\\wshbth.dll"
  ]
}