
{
  "header": {
    "reportVersion": 1,
    "event": "Allocation failed - JavaScript heap out of memory",
    "trigger": "FatalError",
    "filename": "report.20200201.144316.3248.0.001.json",
    "dumpEventTime": "2020-02-01T14:43:16Z",
    "dumpEventTimeStamp": "1580568196820",
    "processId": 3248,
    "cwd": "C:\\Users\\tetede\\Documents\\BOT ACTIVER DISCORD\\1 AntiRaid BOT 2.0",
    "commandLine": [
      "node",
      "index.js"
    ],
    "nodejsVersion": "v12.14.1",
    "wordSize": 64,
    "arch": "x64",
    "platform": "win32",
    "componentVersions": {
      "node": "12.14.1",
      "v8": "7.7.299.13-node.16",
      "uv": "1.33.1",
      "zlib": "1.2.11",
      "brotli": "1.0.7",
      "ares": "1.15.0",
      "modules": "72",
      "nghttp2": "1.40.0",
      "napi": "5",
      "llhttp": "2.0.1",
      "http_parser": "2.8.0",
      "openssl": "1.1.1d",
      "cldr": "35.1",
      "icu": "64.2",
      "tz": "2019c",
      "unicode": "12.1"
    },
    "release": {
      "name": "node",
      "lts": "Erbium",
      "headersUrl": "https://nodejs.org/download/release/v12.14.1/node-v12.14.1-headers.tar.gz",
      "sourceUrl": "https://nodejs.org/download/release/v12.14.1/node-v12.14.1.tar.gz",
      "libUrl": "https://nodejs.org/download/release/v12.14.1/win-x64/node.lib"
    },
    "osName": "Windows_NT",
    "osRelease": "10.0.17763",
    "osVersion": "Windows Server 2019 Datacenter",
    "osMachine": "x86_64",
    "cpus": [
      {
        "model": "Intel(R) Xeon(R) CPU E5-2673 v4 @ 2.30GHz",
        "speed": 2295,
        "user": 7365390,
        "nice": 0,
        "sys": 2315390,
        "idle": 234972546,
        "irq": 133390
      },
      {
        "model": "Intel(R) Xeon(R) CPU E5-2673 v4 @ 2.30GHz",
        "speed": 2295,
        "user": 7928500,
        "nice": 0,
        "sys": 2021265,
        "idle": 234702468,
        "irq": 84187
      },
      {
        "model": "Intel(R) Xeon(R) CPU E5-2673 v4 @ 2.30GHz",
        "speed": 2295,
        "user": 9165609,
        "nice": 0,
        "sys": 1458906,
        "idle": 234027718,
        "irq": 60250
      },
      {
        "model": "Intel(R) Xeon(R) CPU E5-2673 v4 @ 2.30GHz",
        "speed": 2295,
        "user": 11841000,
        "nice": 0,
        "sys": 1971484,
        "idle": 230839734,
        "irq": 335531
      }
    ],
    "networkInterfaces": [
      {
        "name": "Ethernet",
        "internal": false,
        "mac": "00:0d:3a:79:03:c5",
        "address": "fe80::d46d:64e6:ae75:d8c8",
        "netmask": "ffff:ffff:ffff:ffff::",
        "family": "IPv6",
        "scopeid": 4
      },
      {
        "name": "Ethernet",
        "internal": false,
        "mac": "00:0d:3a:79:03:c5",
        "address": "10.0.0.4",
        "netmask": "255.255.255.0",
        "family": "IPv4"
      },
      {
        "name": "Loopback Pseudo-Interface 1",
        "internal": true,
        "mac": "00:00:00:00:00:00",
        "address": "::1",
        "netmask": "ffff:ffff:ffff:ffff:ffff:ffff:ffff:ffff",
        "family": "IPv6",
        "scopeid": 0
      },
      {
        "name": "Loopback Pseudo-Interface 1",
        "internal": true,
        "mac": "00:00:00:00:00:00",
        "address": "127.0.0.1",
        "netmask": "255.0.0.0",
        "family": "IPv4"
      }
    ],
    "host": "rdp-eco2"
  },
  "javascriptStack": {
    "message": "No stack.",
    "stack": [
      "Unavailable."
    ]
  },
  "nativeStack": [
    {
      "pc": "0x00007ff635561759",
      "symbol": "std::basic_ostream<char,std::char_traits<char> >::operator<<+10873"
    },
    {
      "pc": "0x00007ff635565b7c",
      "symbol": "std::basic_ostream<char,std::char_traits<char> >::operator<<+28316"
    },
    {
      "pc": "0x00007ff635564b38",
      "symbol": "std::basic_ostream<char,std::char_traits<char> >::operator<<+24152"
    },
    {
      "pc": "0x00007ff63565433b",
      "symbol": "v8::base::CPU::has_sse+37723"
    },
    {
      "pc": "0x00007ff635e58c5e",
      "symbol": "v8::Isolate::ReportExternalAllocationLimitReached+94"
    },
    {
      "pc": "0x00007ff635e40ca1",
      "symbol": "v8::SharedArrayBuffer::Externalize+833"
    },
    {
      "pc": "0x00007ff635d0e56c",
      "symbol": "v8::internal::Heap::EphemeronKeyWriteBarrierFromCode+1436"
    },
    {
      "pc": "0x00007ff635d19910",
      "symbol": "v8::internal::Heap::ProtectUnprotectedMemoryChunks+1312"
    },
    {
      "pc": "0x00007ff635d16444",
      "symbol": "v8::internal::Heap::PageFlagsAreConsistent+3204"
    },
    {
      "pc": "0x00007ff635d0bcd3",
      "symbol": "v8::internal::Heap::CollectGarbage+1283"
    },
    {
      "pc": "0x00007ff635d0a4a4",
      "symbol": "v8::internal::Heap::AddRetainedMap+2356"
    },
    {
      "pc": "0x00007ff635d2b775",
      "symbol": "v8::internal::Factory::NewFillerObject+53"
    },
    {
      "pc": "0x00007ff635a978d7",
      "symbol": "v8::internal::interpreter::JumpTableTargetOffsets::iterator::operator=+3687"
    },
    {
      "pc": "0x00007ff63628463d",
      "symbol": "v8::internal::SetupIsolateDelegate::SetupHeap+567949"
    },
    {
      "pc": "0x000000cac336d70f",
      "symbol": ""
    }
  ],
  "javascriptHeap": {
    "totalMemory": 2155024384,
    "totalCommittedMemory": 2155024384,
    "usedMemory": 2147202488,
    "availableMemory": 47678176,
    "memoryLimit": 2197815296,
    "heapSpaces": {
      "read_only_space": {
        "memorySize": 262144,
        "committedMemory": 262144,
        "capacity": 261872,
        "used": 32296,
        "available": 229576
      },
      "new_space": {
        "memorySize": 4194304,
        "committedMemory": 4194304,
        "capacity": 2094976,
        "used": 214160,
        "available": 1880816
      },
      "old_space": {
        "memorySize": 2133176320,
        "committedMemory": 2133176320,
        "capacity": 2130917576,
        "used": 2130235680,
        "available": 681896
      },
      "code_space": {
        "memorySize": 425984,
        "committedMemory": 425984,
        "capacity": 267200,
        "used": 267200,
        "available": 0
      },
      "map_space": {
        "memorySize": 790528,
        "committedMemory": 790528,
        "capacity": 435440,
        "used": 435440,
        "available": 0
      },
      "large_object_space": {
        "memorySize": 16125952,
        "committedMemory": 16125952,
        "capacity": 16014160,
        "used": 16014160,
        "available": 0
      },
      "code_large_object_space": {
        "memorySize": 49152,
        "committedMemory": 49152,
        "capacity": 3552,
        "used": 3552,
        "available": 0
      },
      "new_large_object_space": {
        "memorySize": 0,
        "committedMemory": 0,
        "capacity": 2094976,
        "used": 0,
        "available": 2094976
      }
    }
  },
  "resourceUsage": {
    "userCpuSeconds": 98.984,
    "kernelCpuSeconds": 1.562,
    "cpuConsumptionPercent": 223.436,
    "maxRss": 2247692288,
    "pageFaults": {
      "IORequired": 684238,
      "IONotRequired": 0
    },
    "fsActivity": {
      "reads": 192,
      "writes": 5
    }
  },
  "libuv": [
  ],
  "environmentVariables": {
    "=::": "::\\",
    "=C:": "C:\\Users\\tetede\\Documents\\BOT ACTIVER DISCORD\\1 AntiRaid BOT 2.0",
    "=ExitCode": "00000086",
    "ALLUSERSPROFILE": "C:\\ProgramData",
    "APPDATA": "C:\\Users\\tetede\\AppData\\Roaming",
    "CLIENTNAME": "VOLKAN",
    "CommonProgramFiles": "C:\\Program Files\\Common Files",
    "CommonProgramFiles(x86)": "C:\\Program Files (x86)\\Common Files",
    "CommonProgramW6432": "C:\\Program Files\\Common Files",
    "COMPUTERNAME": "rdp-eco2",
    "ComSpec": "C:\\windows\\system32\\cmd.exe",
    "DriverData": "C:\\Windows\\System32\\Drivers\\DriverData",
    "HOMEDRIVE": "C:",
    "HOMEPATH": "\\Users\\tetede",
    "LOCALAPPDATA": "C:\\Users\\tetede\\AppData\\Local",
    "LOGONSERVER": "\\\\rdp-eco2",
    "NUMBER_OF_PROCESSORS": "4",
    "OS": "Windows_NT",
    "Path": "C:\\windows\\system32;C:\\windows;C:\\windows\\System32\\Wbem;C:\\windows\\System32\\WindowsPowerShell\\v1.0\\;C:\\windows\\System32\\OpenSSH\\;C:\\Program Files\\nodejs\\;C:\\Users\\tetede\\AppData\\Local\\Microsoft\\WindowsApps;C:\\Users\\tetede\\AppData\\Roaming\\npm;C:\\Users\\tetede\\AppData\\Local\\Programs\\Microsoft VS Code\\bin",
    "PATHEXT": ".COM;.EXE;.BAT;.CMD;.VBS;.VBE;.JS;.JSE;.WSF;.WSH;.MSC",
    "PROCESSOR_ARCHITECTURE": "AMD64",
    "PROCESSOR_IDENTIFIER": "Intel64 Family 6 Model 79 Stepping 1, GenuineIntel",
    "PROCESSOR_LEVEL": "6",
    "PROCESSOR_REVISION": "4f01",
    "ProgramData": "C:\\ProgramData",
    "ProgramFiles": "C:\\Program Files",
    "ProgramFiles(x86)": "C:\\Program Files (x86)",
    "ProgramW6432": "C:\\Program Files",
    "PROMPT": "$P$G",
    "PSModulePath": "C:\\Program Files\\WindowsPowerShell\\Modules;C:\\windows\\system32\\WindowsPowerShell\\v1.0\\Modules",
    "PUBLIC": "C:\\Users\\Public",
    "SESSIONNAME": "RDP-Tcp#114",
    "SystemDrive": "C:",
    "SystemRoot": "C:\\windows",
    "TEMP": "C:\\Users\\tetede\\AppData\\Local\\Temp\\2",
    "TMP": "C:\\Users\\tetede\\AppData\\Local\\Temp\\2",
    "USERDOMAIN": "rdp-eco2",
    "USERDOMAIN_ROAMINGPROFILE": "rdp-eco2",
    "USERNAME": "tetede",
    "USERPROFILE": "C:\\Users\\tetede",
    "windir": "C:\\windows"
  },
  "sharedObjects": [
    "C:\\Program Files\\nodejs\\node.exe",
    "C:\\windows\\SYSTEM32\\ntdll.dll",
    "C:\\windows\\System32\\KERNEL32.DLL",
    "C:\\windows\\System32\\KERNELBASE.dll",
    "C:\\windows\\System32\\WS2_32.dll",
    "C:\\windows\\System32\\RPCRT4.dll",
    "C:\\windows\\SYSTEM32\\dbghelp.dll",
    "C:\\windows\\System32\\ucrtbase.dll",
    "C:\\windows\\System32\\ADVAPI32.dll",
    "C:\\windows\\System32\\msvcrt.dll",
    "C:\\windows\\System32\\sechost.dll",
    "C:\\windows\\System32\\USER32.dll",
    "C:\\windows\\System32\\win32u.dll",
    "C:\\windows\\System32\\GDI32.dll",
    "C:\\windows\\System32\\gdi32full.dll",
    "C:\\windows\\System32\\msvcp_win.dll",
    "C:\\windows\\System32\\PSAPI.DLL",
    "C:\\windows\\System32\\CRYPT32.dll",
    "C:\\windows\\System32\\MSASN1.dll",
    "C:\\windows\\SYSTEM32\\IPHLPAPI.DLL",
    "C:\\windows\\SYSTEM32\\USERENV.dll",
    "C:\\windows\\System32\\bcrypt.dll",
    "C:\\windows\\System32\\profapi.dll",
    "C:\\windows\\SYSTEM32\\WINMM.dll",
    "C:\\windows\\SYSTEM32\\WINMMBASE.dll",
    "C:\\windows\\System32\\cfgmgr32.dll",
    "C:\\windows\\System32\\IMM32.DLL",
    "C:\\windows\\System32\\powrprof.dll",
    "C:\\windows\\SYSTEM32\\CRYPTBASE.DLL",
    "C:\\windows\\System32\\bcryptPrimitives.dll",
    "C:\\windows\\system32\\uxtheme.dll",
    "C:\\windows\\System32\\combase.dll",
    "C:\\windows\\system32\\mswsock.dll",
    "C:\\windows\\System32\\kernel.appcore.dll",
    "C:\\windows\\System32\\NSI.dll",
    "C:\\windows\\SYSTEM32\\dhcpcsvc6.DLL",
    "C:\\windows\\SYSTEM32\\dhcpcsvc.DLL",
    "C:\\windows\\SYSTEM32\\DNSAPI.dll",
    "C:\\Windows\\System32\\rasadhlp.dll",
    "C:\\windows\\System32\\fwpuclnt.dll",
    "C:\\windows\\system32\\napinsp.dll",
    "C:\\windows\\System32\\winrnr.dll",
    "C:\\windows\\system32\\NLAapi.dll",
    "C:\\windows\\system32\\wshbth.dll"
  ]
}